protein,PDB ID,SMILES,Affinity Type,Affinity,pAffinity
Dopamine RECEPTOR D5,8IRV,CN[C@@H]1Cc2cc(F)c(O)cc2[C@H]1c1ccccc1,Ki,9600,5.017728767
Dopamine RECEPTOR D5,8IRV,N[C@@H]1Cc2cc(F)c(O)cc2[C@H]1c1ccccc1,Ki,9600,5.017728767
Dopamine RECEPTOR D5,8IRV,Oc1ccc(N2CCN(CCCCOc3ccc4CCC(=O)Nc4c3)CC2)c2ccc(=O)[nH]c12,Ki,9300,5.031517051
Dopamine RECEPTOR D5,8IRV,Cl.CCCN(CCCCNC(=O)c1cc2ccccc2[nH]1)CC1CC1c1ccc(Cl)cc1,Ki,9290,5.031984286
Dopamine RECEPTOR D5,8IRV,CN(CC=C)[C@@H]1Cc2cc(O)c(F)cc2[C@H]1c1ccccc1,Ki,9000,5.045757491
Dopamine RECEPTOR D5,8IRV,Cl.CCCN(CCCCNC(=O)c1ccc(cc1)-c1ccccn1)CC1CC1c1ccc(Cl)cc1,Ki,8844,5.053351266
Dopamine RECEPTOR D5,8IRV,Cl.CCCN(CCCCNC(=O)c1ccc2ccccc2c1)CC1CC1c1cccc(Cl)c1,Ki,8670,5.061980903
Dopamine RECEPTOR D5,8IRV,N[C@@H]1Cc2cc(O)c(F)cc2[C@H]1c1ccccc1,Ki,8300,5.080921908
Dopamine RECEPTOR D5,8IRV,Cl.CCCN(CCCCNC(=O)c1cc2ccccc2[nH]1)CC1CC1c1ccc(cc1)C(F)(F)F,Ki,8191,5.086663074
Dopamine RECEPTOR D5,8IRV,CN(C)C(=O)N[C@H]1CC[C@H](CCN2CCN(CC2)c2cccc(Cl)c2Cl)CC1,Ki,7900,5.102372909
Dopamine RECEPTOR D5,8IRV,Cl.CCCN(CCCCNC(=O)c1ccc(cc1)-c1ccccn1)CC1CC1c1ccc(cc1)C(F)(F)F,Ki,7703,5.113340102
Dopamine RECEPTOR D5,8IRV,CN(C)[C@@H]1Cc2cc(F)c(O)cc2[C@H]1c1ccccc1,Ki,7700,5.113509275
Dopamine RECEPTOR D5,8IRV,Oc1ccc(N2CCN(CCCCOc3ccn4ncc(C=O)c4c3)CC2)c2OCC(=O)Nc12,Ki,7700,5.113509275
Dopamine RECEPTOR D5,8IRV,COc1cc2C[C@H]([C@@H](c2cc1F)c1ccccc1)N(C)C,Ki,7600,5.119186408
Dopamine RECEPTOR D5,8IRV,COc1c(OCCF)cccc1[C@H](O)C1CCN(CCc2ccc(F)cc2)CC1,Ki,7419,5.129654629
Dopamine RECEPTOR D5,8IRV,COc1c(OCCF)cccc1C(=O)C1CCN(CCc2ccc(F)cc2)CC1,Ki,7398,5.130885673
Dopamine RECEPTOR D5,8IRV,CN[C@@H]1Cc2cc(O)c(F)cc2[C@H]1c1ccccc1,Ki,7200,5.142667504
Dopamine RECEPTOR D5,8IRV,CCCN(CCCCNC(=O)\N=N\c1ccc(F)cc1)C1Cc2ccccc2C1,Ki,7000,5.15490196
Dopamine RECEPTOR D5,8IRV,Cl.CCCN(CCCCNC(=O)c1ccc2ccccc2c1)CC1CC1c1ccc(Cl)cc1,Ki,6109,5.214029875
Dopamine RECEPTOR D5,8IRV,CN(C)[C@@H]1Cc2cc(O)c(F)cc2[C@H]1c1ccccc1,Ki,5900,5.229147988
Dopamine RECEPTOR D5,8IRV,Oc1ccc(N2CCN(CCCCOc3ccn4nccc4c3)CC2)c2cccnc12,Ki,5800,5.236572006
Dopamine RECEPTOR D5,8IRV,Cl.CCCN(CCCCNC(=O)c1ccc2ccccc2c1)CC1CC1c1ccc(cc1)C(F)(F)F,Ki,5799,5.236646891
Dopamine RECEPTOR D5,8IRV,CC(C)(C)c1nc(cc(n1)C(F)(F)F)N1CCN(CCCCNC(=O)c2cc3ccccn3n2)CC1,Ki,5700,5.244125144
Dopamine RECEPTOR D5,8IRV,Cl.CCCN(CCCCNC(=O)c1ccc(cc1)-c1ccccn1)CC1CC1c1cccc(Cl)c1,Ki,5580,5.253365801
Dopamine RECEPTOR D5,8IRV,CC1=CC(C)=[N+]2C1=C(c1c(C)cc(C)n1[B-]2(F)F)c1ccc(OCCCN2CCCCC2)cc1,Ki,5210,5.283162277
Dopamine RECEPTOR D5,8IRV,Fc1ccc(cc1)C(=O)CCCN1CCC2(CC1)N(CNC2=O)c1ccccc1,Ki,4500,5.346787486
Dopamine RECEPTOR D5,8IRV,COc1ccccc1N1CCN(CCCNC(=O)Nc2ccccc2-c2ccccc2)CC1,Ki,4500,5.346787486
Dopamine RECEPTOR D5,8IRV,CC(=O)N1CCC(CC1)c1ccc(cc1)-c1cc(cc2cc(ccc12)-c1ccc(cc1)C(F)(F)F)C(O)=O,Ki,4380,5.358525889
Dopamine RECEPTOR D5,8IRV,Cl.CCCN(CCCCNC(=O)c1cc2ccccc2[nH]1)CC1CC1c1cc(Cl)ccc1OC,Ki,4227,5.373967752
Dopamine RECEPTOR D5,8IRV,Oc1ccc(N2CCN(CCCCOc3ccc4CCC(=O)Nc4c3)CC2)c2OCC(=O)Nc12,Ki,4200,5.37675071
Dopamine RECEPTOR D5,8IRV,C[Si](C)(C)C#Cc1ccc2OC(C(=Cc2c1)[N+]([O-])=O)C(F)(F)F,Ki,4200,5.37675071
Dopamine RECEPTOR D5,8IRV,Cl.CCCN(CCCCNC(=O)c1ccc2ccccc2c1)CC1CC1c1cccc(Cl)c1Cl,Ki,4018,5.395990068
Dopamine RECEPTOR D5,8IRV,Fc1ccc(COC2CCN(Cc3cc4ccc(Cl)cc4[nH]3)CC2)cc1F,Ki,3987,5.399353764
Dopamine RECEPTOR D5,8IRV,CCCN1CCN(CC1)c1ccc2CCCC(N(C)C(=O)OCc3ccccc3)c2c1,Ki,3964,5.401866354
Dopamine RECEPTOR D5,8IRV,COCCOCCOc1ccc(NC(=O)NCCCN2CCN(CC2)c2ccccc2OC)c(c1)-c1ccccc1,Ki,3900,5.408935393
Dopamine RECEPTOR D5,8IRV,Fc1ccc(CCCCN2CCN(CC2)c2ncccn2)cc1,Ki,3812,5.418847108
Dopamine RECEPTOR D5,8IRV,CCCN(CCNC(=O)\N=N\c1cc(F)c(F)c(F)c1)C1Cc2ccccc2C1,Ki,3800,5.420216403
Dopamine RECEPTOR D5,8IRV,FCCOc1ccccc1N1CCN(CCCCNC(=O)c2cc3ccccn3n2)CC1,Ki,3800,5.420216403
Dopamine RECEPTOR D5,8IRV,COc1ccccc1N1CCN(CCCCNC(=O)c2cc3ccccn3n2)CC1,Ki,3700,5.431798276
Dopamine RECEPTOR D5,8IRV,Brc1ccc(NCCN2CCN(CCc3c[nH]c4ccccc34)CC2)cc1,Ki,3600,5.443697499
Dopamine RECEPTOR D5,8IRV,Cl.CCCN(CCCCNC(=O)c1cc2ccccc2[nH]1)CC1CC1c1cccc(Cl)c1Cl,Ki,3500,5.455931956
Dopamine RECEPTOR D5,8IRV,Nc1nc2CCN(CC=C)CCc2s1,Ki,3467,5.460046158
Dopamine RECEPTOR D5,8IRV,Oc1ccc(N2CCN(CCCCOc3ccc4CCC(=O)Nc4c3)CC2)c2cccnc12,Ki,3400,5.468521083
Dopamine RECEPTOR D5,8IRV,COc1ccccc1N1CCN(CCCNC(=O)NCc2ccccc2-c2ccccc2)CC1,Ki,3300,5.48148606
Dopamine RECEPTOR D5,8IRV,Cc1ccc(nc1)N1CCN(CCCCc2ccc(F)cc2)CC1,Ki,3264,5.48624985
Dopamine RECEPTOR D5,8IRV,Fc1ccc(SCCCN2CCN(CC2)c2ccccn2)cc1,Ki,3223,5.491739694
Dopamine RECEPTOR D5,8IRV,COc1ccccc1N1CCN(CCCSc2nnc(-c3ccccc3)n2C)CC1,Ki,3016,5.520568663
Dopamine RECEPTOR D5,8IRV,NCCc1c[nH]c2ccc(O)cc12,Ki,3000,5.522878745
Dopamine RECEPTOR D5,8IRV,CN1CCc2c(Cl)c(O)c(O)cc2[C@H](C1)c1cccc(C)c1,Ki,3000,5.522878745
Dopamine RECEPTOR D5,8IRV,COc1ccc(c(CNC(=O)NCCCN2CCN(CC2)c2ccccc2OC)c1)-c1ccccc1,Ki,3000,5.522878745
Dopamine RECEPTOR D5,8IRV,CCCN(CCCCNC(=O)\C=C\c1ccc(F)cc1)C1Cc2ccccc2C1,Ki,2900,5.537602002
Dopamine RECEPTOR D5,8IRV,OC(C1CCN(CCc2ccccc2)CC1)c1ccccc1,Ki,2869,5.542269452
Dopamine RECEPTOR D5,8IRV,CCN(CC)CCCC(C)Nc1cnc(cn1)C(=O)Nc1cc(F)cc2cccnc12,Ki,2830,5.548213564
Dopamine RECEPTOR D5,8IRV,Fc1ccc(SCCCN2CCN(CC2)c2ccc(Cl)cc2)cc1,Ki,2808,5.551602897
Dopamine RECEPTOR D5,8IRV,COc1ccccc1N1CCN(CCCCNC(=O)\N=N\c2ccc(F)cc2)CC1,Ki,2800,5.552841969
Dopamine RECEPTOR D5,8IRV,Oc1ccc2[C@@H]3CNCC[C@H]3[C@@H](Cc2c1O)c1ccccc1,Ki,2800,5.552841969
Dopamine RECEPTOR D5,8IRV,COc1ccc(CCNCC(O)COc2ccc(CCc3nc(c[nH]3)-c3cccs3)cc2)cc1OC,Ki,2790,5.554395797
Dopamine RECEPTOR D5,8IRV,Fc1ccc(OCCCN2CCN(CC2)c2ccc(Cl)cc2)cc1,Ki,2684,5.571217489
Dopamine RECEPTOR D5,8IRV,COc1cc2CCN(C)CCc3ccccc3Cc2cc1OC,Ki,2610,5.583359493
Dopamine RECEPTOR D5,8IRV,Clc1cccc(N2CCN(CCCCOc3ccc4CCC(=O)Nc4c3)CC2)c1Cl,Ki,2590,5.586700236
Dopamine RECEPTOR D5,8IRV,Cc1ccc(nc1)N1CCN(CCCOc2ccc(F)cc2)CC1,Ki,2576,5.589054141
Dopamine RECEPTOR D5,8IRV,Fc1ccc(cc1)C(=O)C1CCN(CCn2c(=O)[nH]c3ccccc3c2=O)CC1,Ki,2500,5.602059991
Dopamine RECEPTOR D5,8IRV,NCCc1ccc(O)c(O)c1,Ki,2440,5.612610174
Dopamine RECEPTOR D5,8IRV,COc1cc2CCN(C)[C@H]3Cc4cc5OCOc5cc4-c(c1OC)c23,Ki,2397,5.620331966
Dopamine RECEPTOR D5,8IRV,Fc1ccc(OCCCN2CCN(CC2)c2ccccn2)cc1,Ki,2392,5.621238825
Dopamine RECEPTOR D5,8IRV,Cl.CCCN(CCCCNC(=O)c1ccc2ccccc2c1)CC1CC1c1cc(F)ccc1OC,Ki,2203,5.656985503
Dopamine RECEPTOR D5,8IRV,Cc1ccc(nc1)N1CCN(CCCSc2ccc(F)cc2)CC1,Ki,2159,5.665747358
Dopamine RECEPTOR D5,8IRV,Cl.CN(CCCSc1nnc(-c2ccccc2)n1C)CC1CC1c1cc(F)ccc1OCCF,Ki,2154,5.666754301
Dopamine RECEPTOR D5,8IRV,CC(C)(C)C#Cc1ccc2OC(C(=Cc2c1)[N+]([O-])=O)C(F)(F)F,Ki,2100,5.677780705
Dopamine RECEPTOR D5,8IRV,OC(=O)c1ccc(cc1)C#Cc1ccc2OC(C(=Cc2c1)[N+]([O-])=O)C(F)(F)F,Ki,2100,5.677780705
Dopamine RECEPTOR D5,8IRV,Cl.CCN(CCCSc1nnc(-c2ccccc2)n1C)CC1CC1c1cc(F)ccc1OCCF,Ki,1995,5.7000571
Dopamine RECEPTOR D5,8IRV,Cl.CCN(CCCSc1nnc(-c2ccccc2)n1C)CC1CC1c1cc(F)ccc1OC,Ki,1848,5.733298033
Dopamine RECEPTOR D5,8IRV,CN1CCCc2cc3OCOc3cc2-c2ccccc2CC1,Ki,1812,5.741841807
Dopamine RECEPTOR D5,8IRV,CN1CCCc2cc(O)ccc2Cc2ccccc2C1,Ki,1810,5.742321425
Dopamine RECEPTOR D5,8IRV,Fc1ccc(CCCCN2CCN(CC2)c2ccc(Cl)cc2)cc1,Ki,1758,5.754981129
Dopamine RECEPTOR D5,8IRV,FC(F)(F)c1cccc(c1)N1CCN(CCCCN2C(=O)c3ccccc3S2(=O)=O)CC1,Ki,1756,5.755475488
Dopamine RECEPTOR D5,8IRV,FC(F)(F)c1cccc(c1)N1CCN(CCCCN2C(=O)c3ccccc3S2(=O)=O)CC1,Ki,1756,5.755475488
Dopamine RECEPTOR D5,8IRV,Cl.CCN(CCCCNC(=O)c1ccc2ccccc2c1)CC1CC1c1cc(F)ccc1OC,Ki,1721,5.76421913
Dopamine RECEPTOR D5,8IRV,FC(F)(F)c1cccc(c1)N1CCN(CCCCn2cnc3ccccc3c2=O)CC1,Ki,1703,5.768785352
Dopamine RECEPTOR D5,8IRV,O=C1N(CCCCN2CCN(CC2)c2ccccc2)S(=O)(=O)c2ccccc12,Ki,1629,5.788078916
Dopamine RECEPTOR D5,8IRV,O=C1N(CCCCN2CCN(CC2)c2ccccc2)S(=O)(=O)c2ccccc12,Ki,1629,5.788078916
Dopamine RECEPTOR D5,8IRV,CCCCN1CCC(C1)c1cccc(O)c1,Ki,1613,5.792365633
Dopamine RECEPTOR D5,8IRV,Clc1cccc(N2CCN(CCCCOc3ccc4CCC(=O)Nc4c3)CC2)c1Cl,Ki,1600,5.795880017
Dopamine RECEPTOR D5,8IRV,Clc1cccc(N2CCN(CCCCOc3ccc4CCC(=O)Nc4c3)CC2)c1Cl,Ki,1600,5.795880017
Dopamine RECEPTOR D5,8IRV,[O-][N+](=O)C1=Cc2cc(I)ccc2OC1C(F)(F)F,Ki,1600,5.795880017
Dopamine RECEPTOR D5,8IRV,Cl.CCOc1ccc(F)cc1C1CC1CN(CC)CCCSc1nnc(-c2ccccc2)n1C,Ki,1585,5.799970733
Dopamine RECEPTOR D5,8IRV,CCN(CC)CCCC(C)Nc1cnc(cn1)C(=O)Nc1ccc(Cl)c2cccnc12,Ki,1552,5.809108283
Dopamine RECEPTOR D5,8IRV,C1Cc2ccccc2C2N1CCc1cccc3[nH]cc2c13,Ki,1525,5.816730156
Dopamine RECEPTOR D5,8IRV,Clc1ccc(cc1)N1CCCN(CCCc2cc3ccccc3o2)CC1,Ki,1522,5.817585348
Dopamine RECEPTOR D5,8IRV,OCCOCCN1CCN(CC1)C1=Nc2ccccc2Sc2ccccc12,Ki,1513,5.820161072
Dopamine RECEPTOR D5,8IRV,COc1ccc2CCc3ccccc3CN(C)CCc2c1,Ki,1508,5.821598658
Dopamine RECEPTOR D5,8IRV,Fc1ccc(CCCCN2CCN(CC2)c2ccccn2)cc1,Ki,1451,5.838332588
Dopamine RECEPTOR D5,8IRV,OC(=O)c1cc(-c2ccc(cc2)C2CCN(CC2)C=O)c2ccc(cc2c1)-c1ccc(cc1)C(F)(F)F,Ki,1440,5.841637508
Dopamine RECEPTOR D5,8IRV,[O-][N+](=O)C1=Cc2cc(ccc2OC1C(F)(F)F)C#CCN1C(=O)c2ccccc2C1=O,Ki,1400,5.853871964
Dopamine RECEPTOR D5,8IRV,Fc1ccc(SCCCN2CCN(CC2)c2ncccn2)cc1,Ki,1370,5.863279433
Dopamine RECEPTOR D5,8IRV,CCCN(CCN1CCN(CCc2c[nH]c3ccccc23)CC1)c1ccc(Br)cc1,Ki,1300,5.886056648
Dopamine RECEPTOR D5,8IRV,O=C(NCCCCN1C[C@@H]2COc3ccc(cc3[C@H]2C1)C#N)c1ccc(cc1)-c1ccccc1,Ki,1259,5.89997427
Dopamine RECEPTOR D5,8IRV,CC(C)(C)OC(=O)NCC#Cc1ccc2OC(C(=Cc2c1)[N+]([O-])=O)C(F)(F)F,Ki,1250,5.903089987
Dopamine RECEPTOR D5,8IRV,COc1ccccc1N1CCN(CCCCNC(=O)c2ccc3ccccc3c2)CC1,Ki,1223,5.912573543
Dopamine RECEPTOR D5,8IRV,Cl.COc1ccc(F)cc1C1CC1CN(CCCSc1nnc(-c2ccccc2)n1C)CC1CC1,Ki,1204,5.919373513
Dopamine RECEPTOR D5,8IRV,OC(=O)c1ccccc1C(=O)Nc1cccc2ccccc12,Ki,1136,5.944621669
Dopamine RECEPTOR D5,8IRV,COc1ccccc1N1CCN(CCCCN2C(=O)c3ccccc3S2(=O)=O)CC1,Ki,1132,5.946153573
Dopamine RECEPTOR D5,8IRV,COc1ccccc1N1CCN(CCCCN2C(=O)c3ccccc3S2(=O)=O)CC1,Ki,1132,5.946153573
Dopamine RECEPTOR D5,8IRV,Cl.CCCN(CCCCNC(=O)c1ccc2ccccc2c1)CC1CC1c1cc(Cl)ccc1OC,Ki,1104,5.957030927
Dopamine RECEPTOR D5,8IRV,Clc1cccc(N2CCCN(CCCCOc3ccc4CCC(=O)Nc4c3)CC2)c1Cl,Ki,1100,5.958607315
Dopamine RECEPTOR D5,8IRV,CC(=O)NCC#Cc1ccc2OC(C(=Cc2c1)[N+]([O-])=O)C(F)(F)F,Ki,1100,5.958607315
Dopamine RECEPTOR D5,8IRV,Cl.Cn1c(SCCCNCC2CC2c2cc(F)ccc2OCCF)nnc1-c1ccccc1,Ki,1080,5.966576245
Dopamine RECEPTOR D5,8IRV,CN1CCc2ccccc2Cc2cc(O)c(O)cc2CC1,Ki,1078,5.967381239
Dopamine RECEPTOR D5,8IRV,NCCCCCCn1cc(CCCCN2CCC(CC2)c2ccc(cc2)-c2cc(cc3cc(ccc23)-c2ccc(cc2)C(F)(F)F)C(O)=O)nn1,Ki,1070,5.970616222
Dopamine RECEPTOR D5,8IRV,Clc1cccc(N2CCN(CCCCOc3ccc4CCC(=O)Nc4c3)CC2)c1Cl,Ki,1051,5.978397284
Dopamine RECEPTOR D5,8IRV,COc1ccc2CCN(C)CCc3ccccc3Cc2c1,Ki,1050,5.978810701
Dopamine RECEPTOR D5,8IRV,COc1cccc2c3CCN(CCCCOc4ccc5ccc(=O)[nH]c5c4)Cc3oc12,Ki,1038,5.983802646
Dopamine RECEPTOR D5,8IRV,CCCN(CCC)C1CCc2cc(CS(=O)(=O)c3ccc(OC)cc3)ccc2C1,Ki,1000,6
Dopamine RECEPTOR D5,8IRV,CCc1c(nn(c1-c1ccc(Br)cc1)-c1ccc(Cl)cc1Cl)C(=O)NN1CCCCC1,Ki,1000,6
Dopamine RECEPTOR D5,8IRV,C[C@H]1C[C@@H](C)N1C(=O)[C@H]1CN(C)C2Cc3c[nH]c4cccc(C2=C1)c34,Ki,1000,6
Dopamine RECEPTOR D5,8IRV,COc1ccccc1N1CCN(CCCNC(=O)NN(Cc2ccc(F)cc2)c2ccccc2)CC1,Ki,1000,6
Dopamine RECEPTOR D5,8IRV,Cl.COc1ccc(F)cc1C1CC1CN(C)CCCSc1nnc(-c2ccccc2)n1C,Ki,1000,6
Dopamine RECEPTOR D5,8IRV,CCCN(CCc1cccs1)C1CCc2c(O)cccc2C1,Ki,986,6.006123085
Dopamine RECEPTOR D5,8IRV,CCCCN1CCC(COC(=O)c2cc(Cl)c(NC)c3OCCOc23)CC1,Ki,972,6.012333735
Dopamine RECEPTOR D5,8IRV,C(CN1CCCC1)Oc1ccccc1Cc1ccccc1,Ki,951,6.021819483
Dopamine RECEPTOR D5,8IRV,FC(F)(F)c1cccc(c1)\N=C1\C(=O)N(c2ccccc12)c1cccc(OCCN2CCCC2)c1,Ki,939,6.027334408
Dopamine RECEPTOR D5,8IRV,Cl.COc1ccc(F)cc1C1CC1CNCCCSc1nnc(-c2ccccc2)n1C,Ki,926,6.033389013
Dopamine RECEPTOR D5,8IRV,Clc1ccc2Nc3ccccc3C(=Nc2c1)N1CCN(Cc2ccc(OCCCN3CCCCC3)cc2)CC1,Ki,921,6.03574037
Dopamine RECEPTOR D5,8IRV,CCCN1C[C@H](CSC)C[C@H]2[C@H]1Cc1c[nH]c3cccc2c13,Ki,918,6.037157319
Dopamine RECEPTOR D5,8IRV,O=C1CCCCCNC(=O)CCCCCN1,Ki,909,6.041436117
Dopamine RECEPTOR D5,8IRV,C(C1CC1)N1CCc2c(Cc3ccccc3CC1)[nH]c1ccccc21,Ki,893,6.049148541
Dopamine RECEPTOR D5,8IRV,Fc1ccc(OCCCN2CCC(CC2)c2ccc(Cl)cc2)cc1,Ki,867,6.061980903
Dopamine RECEPTOR D5,8IRV,Oc1ccc(cc1)C1CNCCc2c(Cl)c(O)c(O)cc12,Ki,800,6.096910013
Dopamine RECEPTOR D5,8IRV,Cl.CCCN(CCCCNC(=O)c1cc2ccccc2[nH]1)CC1CC1c1cc(F)ccc1OC,Ki,789,6.102922997
Dopamine RECEPTOR D5,8IRV,CN1CCN(CC1)C1=Nc2cc(Cl)ccc2Nc2ccccc12,Ki,780,6.107905397
Dopamine RECEPTOR D5,8IRV,OC1(CCN(CCCCN(c2ccc(F)cc2)c2ccc(F)cc2)CC1)c1ccc(Cl)c(c1)C(F)(F)F,Ki,744,6.128427064
Dopamine RECEPTOR D5,8IRV,CCCCn1cc(CCCOc2ccc(cc2OC)C(=O)NCCCCN(CCC)[C@H]2CCc3c(O)cccc3C2)nn1,Ki,700,6.15490196
Dopamine RECEPTOR D5,8IRV,CN1CCc2ccccc2Cc2[nH]c3ccccc3c2CC1C(O)=O,Ki,657,6.18243463
Dopamine RECEPTOR D5,8IRV,CCCCCCN1CCC(C1)c1cccc(O)c1,Ki,640,6.193820026
Dopamine RECEPTOR D5,8IRV,OC1(CCN(Cc2c[nH]c3ccccc23)CC1)c1ccc(Cl)cc1,Ki,631,6.199970641
Dopamine RECEPTOR D5,8IRV,COc1ccc(cc1)N(CCCCN1CCC(O)(CC1)c1ccc(Cl)c(c1)C(F)(F)F)c1ccc(OC)cc1,Ki,623,6.205511953
Dopamine RECEPTOR D5,8IRV,C(CN1CCN(CC1)c1ccccc1)Oc1ccccc1Cc1ccccc1,Ki,620,6.207608311
Dopamine RECEPTOR D5,8IRV,Clc1cccc(N2CCCN(CCCCOc3ccc4CCC(=O)Nc4c3)CC2)c1Cl,Ki,615,6.211124884
Dopamine RECEPTOR D5,8IRV,CCCCCN1CCC(C1)c1cccc(O)c1,Ki,605,6.218244625
Dopamine RECEPTOR D5,8IRV,COCCc1cnc([nH]1)-c1ccc(OCC(O)CNCCc2ccc(OC)c(OC)c2)cc1,Ki,600,6.22184875
Dopamine RECEPTOR D5,8IRV,C[C@@H]1C[C@@H](C)N1C(=O)[C@H]1CN(C)C2Cc3c[nH]c4cccc(C2=C1)c34,Ki,590,6.229147988
Dopamine RECEPTOR D5,8IRV,Cl.CCOc1ccc(F)cc1C1CC1CNCCCSc1nnc(-c2ccccc2)n1C,Ki,589,6.229884705
Dopamine RECEPTOR D5,8IRV,Cl.CCN(CCCCNC(=O)c1ccc2ccccc2c1)CC1CC1c1cc(Cl)ccc1OC,Ki,571,6.243363892
Dopamine RECEPTOR D5,8IRV,Cc1nc2CCCCn2c(=O)c1CCN1CCC(CC1)c1noc2cc(F)ccc12,Ki,563,6.249491605
Dopamine RECEPTOR D5,8IRV,CC(C)C[C@@H]1N2C(=O)[C@](NC(=O)[C@H]3CN(C)[C@@H]4Cc5c(Br)[nH]c6cccc(C4=C3)c56)(O[C@@]2(O)[C@@H]2CCCN2C1=O)C(C)C,Ki,537,6.270025714
Dopamine RECEPTOR D5,8IRV,CCCN1CCc2cccc-3c2[C@H]1Cc1ccc(O)c(O)c-31,Ki,530,6.27572413
Dopamine RECEPTOR D5,8IRV,OC1(CCN(CCCCC(c2ccc(F)cc2)c2ccc(F)cc2)CC1)c1ccc(Cl)c(c1)C(F)(F)F,Ki,529,6.276544328
Dopamine RECEPTOR D5,8IRV,Clc1cccc(N2CCCN(CCCCOc3ccc4CCC(=O)Nc4n3)CC2)c1Cl,Ki,513,6.289882635
Dopamine RECEPTOR D5,8IRV,COc1cc2CCN(C)CCCc3ccccc3Cc2cc1OC,Ki,510,6.292429824
Dopamine RECEPTOR D5,8IRV,Clc1ccc(cc1)N1CCN(CCCCn2cnc3ccccc3c2=O)CC1,Ki,507,6.294992041
Dopamine RECEPTOR D5,8IRV,COc1cc2CCN(CC=C)CC(c3ccccc3Br)c2cc1O,Ki,501,6.300162274
Dopamine RECEPTOR D5,8IRV,COc1cc2CCNCC(c3ccccc3Cl)c2cc1O,Ki,483,6.316052869
Dopamine RECEPTOR D5,8IRV,COc1cc2CCN(CC=C)CC(c2cc1O)c1c(Cl)cccc1Cl,Ki,479,6.319664487
Dopamine RECEPTOR D5,8IRV,CC(C)C[C@@H]1N2C(=O)[C@](NC(=O)[C@H]3CN(C)[C@@H]4Cc5c(Br)[nH]c6cccc(C4=C3)c56)(O[C@@]2(O)[C@@H]2CCCN2C1=O)C(C)C,Ki,454,6.342944147
Dopamine RECEPTOR D5,8IRV,Oc1cc2CCN(CC=C)CC(c3ccccc3Br)c2cc1O,Ki,442,6.354577731
Dopamine RECEPTOR D5,8IRV,CCCCCCCN1CCC(C1)c1cccc(O)c1,Ki,438,6.358525889
Dopamine RECEPTOR D5,8IRV,OC1(CCN(CCCN(c2ccc(F)cc2)c2ccc(F)cc2)CC1)c1ccc(Cl)c(c1)C(F)(F)F,Ki,437,6.359518563
Dopamine RECEPTOR D5,8IRV,COc1cc2CCN(C)C3Cc4ccc(N)cc4-c(c1O)c23,Ki,418,6.378823718
Dopamine RECEPTOR D5,8IRV,CN(C)CCOc1ccccc1Cc1ccccc1,Ki,414,6.382999659
Dopamine RECEPTOR D5,8IRV,OC1(CCN(CCCCc2ccc(F)cc2)CC1)c1ccc(Cl)cc1,Ki,414,6.382999659
Dopamine RECEPTOR D5,8IRV,CCN(CC)CCCOc1cccc(c1)N1C(=O)\C(=N\c2cccc(c2)C(F)(F)F)c2ccccc12,Ki,411,6.386158178
Dopamine RECEPTOR D5,8IRV,C[C@H]1C[C@H](C)N1C(=O)[C@H]1CN(C)C2Cc3c[nH]c4cccc(C2=C1)c34,Ki,400,6.397940009
Dopamine RECEPTOR D5,8IRV,C[C@@H]1Cc2c(Cc3ccccc3CCN1C)[nH]c1ccccc21,Ki,389,6.410050399
Dopamine RECEPTOR D5,8IRV,O=C1N(CCCCN2CCN(CC2)c2ccccc2)S(=O)(=O)c2ccccc12,Ki,386,6.413412695
Dopamine RECEPTOR D5,8IRV,C(CN1CCOCC1)Oc1ccccc1Cc1ccccc1,Ki,366,6.436518915
Dopamine RECEPTOR D5,8IRV,CN1CCc2cccc-3c2[C@H]1Cc1ccc(O)c(O)c-31,Ki,363,6.440093375
Dopamine RECEPTOR D5,8IRV,CN1CCc2c(Cc3ccccc3CC1)ccn2C,Ki,361,6.442492798
Dopamine RECEPTOR D5,8IRV,COc1ccccc1N1CCN(CCCNC(=O)Nc2ccccc2-c2ccc(cc2)-c2ccccc2)CC1,Ki,350,6.455931956
Dopamine RECEPTOR D5,8IRV,CCN(CC)C(=O)[C@H]1CN(C)[C@@H]2Cc3c[nH]c4cccc(C2=C1)c34,Ki,340,6.468521083
Dopamine RECEPTOR D5,8IRV,COc1ccccc1N1CCN(CCCNC(=O)NN(Cc2ccccc2)c2ccccc2)CC1,Ki,340,6.468521083
Dopamine RECEPTOR D5,8IRV,COc1cc2CCN(Cc3ccccc3CNC(=O)c3ccc(cc3)C#N)Cc2cc1OC,Ki,340,6.468521083
Dopamine RECEPTOR D5,8IRV,CN1CCc2c(Cc3ccccc3CC1)ccn2C,Ki,337,6.472370099
Dopamine RECEPTOR D5,8IRV,COc1ccccc1N1CCN(CCCCN2C(=O)Cc3ccccc23)CC1,Ki,330,6.48148606
Dopamine RECEPTOR D5,8IRV,COc1cc(ccc1OCCCN1CCC(CC1)c1noc2cc(F)ccc12)C(C)=O,Ki,319,6.496209317
Dopamine RECEPTOR D5,8IRV,Oc1ccc2Cc3ccccc3CCNCCCc2c1,Ki,314,6.503070352
Dopamine RECEPTOR D5,8IRV,O=C1Cc2ccccc2N1CCCCN1CCN(CC1)c1ccccc1,Ki,313,6.504455662
Dopamine RECEPTOR D5,8IRV,COc1cc2[C@@H]3Cc4ccc(OC)c(OC)c4CN3CCc2cc1O,Ki,313,6.504455662
Dopamine RECEPTOR D5,8IRV,CN(C)c1ccc(cc1)C(=O)NCCCCN1CCC(C1)c1cccc(O)c1,Ki,312,6.505845406
Dopamine RECEPTOR D5,8IRV,CN(C)c1ccc(cc1)C(=O)NCCCCN1CCC(C1)c1cccc(O)c1,Ki,312,6.505845406
Dopamine RECEPTOR D5,8IRV,COc1cc2CCNCC(c3ccccc3)c2cc1O,Ki,310,6.508638306
Dopamine RECEPTOR D5,8IRV,COc1cc2CCN3Cc4c(C[C@H]3c2cc1OC)ccc(OC)c4OC,Ki,305,6.515700161
Dopamine RECEPTOR D5,8IRV,CSc1ccc2Sc3ccccc3N(CCC3CCCCN3C)c2c1,Ki,300,6.522878745
Dopamine RECEPTOR D5,8IRV,COc1cc2CCN(Cc3ccccc3CNC(=O)c3cccc(c3)C#N)Cc2cc1OC,Ki,300,6.522878745
Dopamine RECEPTOR D5,8IRV,CN(CC\C=C1/c2ccccc2Sc2ccc(Cl)cc12)Cc1ccc(OCCCN2CCCCC2)cc1,Ki,297,6.527243551
Dopamine RECEPTOR D5,8IRV,CCCCCCCCN1CCC(C1)c1cccc(O)c1,Ki,286,6.543633967
Dopamine RECEPTOR D5,8IRV,CN1CCN(CC1)C1=c2ccccc2=Nc2ccc(Cl)cc2N1,Ki,281,6.55129368
Dopamine RECEPTOR D5,8IRV,CN(CCC=C1c2ccccc2CCc2ccccc12)Cc1ccc(OCCCN2CCCCC2)cc1,Ki,273,6.563837353
Dopamine RECEPTOR D5,8IRV,CN(CCCC12CCC(c3ccccc13)c1ccccc21)Cc1ccc(OCCCN2CCCCC2)cc1,Ki,265,6.576754126
Dopamine RECEPTOR D5,8IRV,FC(F)(F)c1ccc2Sc3ccccc3N(CCCN3CCN(CCOC(=O)c4ccc(OCCCN5CCCCC5)cc4)CC3)c2c1,Ki,265,6.576754126
Dopamine RECEPTOR D5,8IRV,COc1cc2CCN(CC=C)CC(c3ccccc3Cl)c2cc1O,Ki,264,6.578396073
Dopamine RECEPTOR D5,8IRV,OC1(CCN(CCCC(=O)c2ccc(F)cc2)CC1)c1ccc(Cl)cc1,Ki,260,6.585026652
Dopamine RECEPTOR D5,8IRV,CN1CCN(CC1)C1=c2ccccc2=Nc2ccc(Cl)cc2N1,Ki,250,6.602059991
Dopamine RECEPTOR D5,8IRV,COc1cc2CCN3Cc4c(C[C@H]3c2cc1OC)ccc(O)c4OC,Ki,242,6.616184634
Dopamine RECEPTOR D5,8IRV,Clc1ccc(cc1)N1CCN(CCCCN2C(=O)c3ccccc3S2(=O)=O)CC1,Ki,230,6.638272164
Dopamine RECEPTOR D5,8IRV,Clc1ccc(cc1)N1CCN(CCCCN2C(=O)c3ccccc3S2(=O)=O)CC1,Ki,230,6.638272164
Dopamine RECEPTOR D5,8IRV,NCCc1ccc(O)c(O)c1,Ki,228,6.642065153
Dopamine RECEPTOR D5,8IRV,CCCCCCCCCN1CCC(C1)c1cccc(O)c1,Ki,227,6.643974143
Dopamine RECEPTOR D5,8IRV,CN1CCc2ccccc2Cc2cc(N)c(O)cc2CC1,Ki,226,6.645891561
Dopamine RECEPTOR D5,8IRV,CN1CCc2cc(O)c(O)cc2C(C1)c1ccccc1Br,Ki,223,6.651695137
Dopamine RECEPTOR D5,8IRV,Clc1ccc(cc1)N1CCN(CCCCN2C(=O)Cc3ccccc23)CC1,Ki,202,6.694648631
Dopamine RECEPTOR D5,8IRV,CN1CCN(CC1)C1=Nc2cc(Cl)ccc2Nc2ccccc12,Ki,198,6.70333481
Dopamine RECEPTOR D5,8IRV,Oc1ccc2[nH]cc(CCCCN3CCC(=CC3)c3ccccc3)c2c1,Ki,191,6.718966633
Dopamine RECEPTOR D5,8IRV,FC(F)(F)c1cccc(c1)N1CCN(CCCCN2C(=O)Cc3ccccc23)CC1,Ki,190,6.721246399
Dopamine RECEPTOR D5,8IRV,COc1ccc2C3Cc4ccccc4CN3CCc2c1,Ki,185,6.732828272
Dopamine RECEPTOR D5,8IRV,OC1(CCN(CCCC(=O)c2ccc(F)cc2)CC1)c1ccc(Cl)cc1,Ki,178,6.749579998
Dopamine RECEPTOR D5,8IRV,CN(C)CCCN1c2ccccc2Sc2ccc(Cl)cc12,Ki,172,6.764471553
Dopamine RECEPTOR D5,8IRV,CN(C)CCC=C1c2ccccc2CCc2ccccc12,Ki,170,6.769551079
Dopamine RECEPTOR D5,8IRV,COc1cccc2c3CCN(CCCCOc4ccc5CCC(=O)Nc5c4)Cc3oc12,Ki,159,6.798602876
Dopamine RECEPTOR D5,8IRV,CN(CCCN1c2ccccc2Sc2ccc(Cl)cc12)Cc1ccc(OCCCN2CCCCC2)cc1,Ki,153,6.815308569
Dopamine RECEPTOR D5,8IRV,CCCCCCCCCCN1CCC(C1)c1cccc(O)c1,Ki,143,6.844663963
Dopamine RECEPTOR D5,8IRV,COc1ccccc1N1CCN(CCCCN2Cc3ccccc3C2=O)CC1,Ki,137,6.863279433
Dopamine RECEPTOR D5,8IRV,CN(C)CCCN1c2ccccc2Sc2ccc(Cl)cc12,Ki,133,6.876148359
Dopamine RECEPTOR D5,8IRV,OC1(CCN(CCCC(c2ccc(F)cc2)c2ccc(F)cc2)CC1)c1ccc(Cl)c(c1)C(F)(F)F,Ki,125,6.903089987
Dopamine RECEPTOR D5,8IRV,Oc1cc2CCNCC(c3ccccc3)c2cc1O,Ki,124,6.906578315
Dopamine RECEPTOR D5,8IRV,OC1(CCN(CCCC(c2ccccc2)c2ccccc2)CC1)c1ccc(Cl)c(c1)C(F)(F)F,Ki,121,6.91721463
Dopamine RECEPTOR D5,8IRV,CCC(C)C1N2C(=O)C(NC(=O)C3CN(C)C4Cc5c[nH]c6cccc(C4=C3)c56)(OC2(O)C2CCCN2C1=O)C(C)C,Ki,113,6.946921557
Dopamine RECEPTOR D5,8IRV,C(COc1ccccc1Cc1ccccc1)CN1CCCC1,Ki,113,6.946921557
Dopamine RECEPTOR D5,8IRV,OC1(CCN(CCCSc2ccc(F)cc2)CC1)c1ccc(Cl)cc1,Ki,113,6.946921557
Dopamine RECEPTOR D5,8IRV,CN1CCC(Cc2[nH]c3ccccc3c2CC1)c1ccccc1,Ki,112,6.950781977
Dopamine RECEPTOR D5,8IRV,CN1CCN(CC1)C1=Nc2cc(Cl)ccc2N(NC(=O)c2cccc3ccccc23)c2ccccc12,Ki,105,6.978810701
Dopamine RECEPTOR D5,8IRV,OC1(CCN(CCCOc2ccc(F)cc2)CC1)c1ccc(Cl)cc1,Ki,103,6.987162775
Dopamine RECEPTOR D5,8IRV,CCCCCCCCCN1CCC(C1)c1cccc(O)c1,Ki,101,6.995678626
Dopamine RECEPTOR D5,8IRV,CCCCCCCCCN1CCC(C1)c1cccc(O)c1,Ki,101,6.995678626
Dopamine RECEPTOR D5,8IRV,Oc1cc2CCNC[C@H](c3ccccc3)c2cc1O,Ki,100,7
Dopamine RECEPTOR D5,8IRV,CN1CCCc2ccccc2Cc2ccc(O)cc2CCC1,Ki,95,7.022276395
Dopamine RECEPTOR D5,8IRV,CN1CCCc2c(Cc3ccccc3CC1)[nH]c1ccccc21,Ki,92,7.036212173
Dopamine RECEPTOR D5,8IRV,CN1CCc2ccccc2Cc2[nH]c3ccccc3c2C[C@H]1CO,Ki,91,7.040958608
Dopamine RECEPTOR D5,8IRV,CN1CCc2cc(Cl)c(O)cc2[C@@H]2[C@@H]1CCc1c(cccc21)C#N,Ki,89,7.050609993
Dopamine RECEPTOR D5,8IRV,Cc1ncc2nccn2c1-c1ccc(Oc2nccc3occc23)cc1C(F)(F)F,Ki,82,7.086186148
Dopamine RECEPTOR D5,8IRV,COc1cc2CCNCC(c3ccccc3Br)c2cc1O,Ki,82,7.086186148
Dopamine RECEPTOR D5,8IRV,FC(F)(F)c1cccc(c1)N1CCN(CCCCN2Cc3ccccc3C2=O)CC1,Ki,81,7.091514981
Dopamine RECEPTOR D5,8IRV,O=C1N(CCCCN2CCN(CC2)c2ccccc2)Cc2ccccc12,Ki,80,7.096910013
Dopamine RECEPTOR D5,8IRV,CN1CCc2sccc2Cc2ccccc2CC1,Ki,79,7.102372909
Dopamine RECEPTOR D5,8IRV,C[NH+](C)C1CCc2cc(O)c(O)cc2C1,Ki,78,7.107905397
Dopamine RECEPTOR D5,8IRV,COc1ccccc1N1CCN(CCCCN2Cc3ccccc3C2=O)CC1,Ki,75,7.124938737
Dopamine RECEPTOR D5,8IRV,COc1ccc2CCN(C)CCCc3ccccc3Cc2c1,Ki,75,7.124938737
Dopamine RECEPTOR D5,8IRV,CN1CCN(CC1)C1=c2cc(C)sc2=Nc2ccccc2N1,Ki,74,7.13076828
Dopamine RECEPTOR D5,8IRV,CN1CCN(CC1)C1=Nc2cc(Cl)ccc2N(NC(=O)c2ccccc2Cl)c2ccccc12,Ki,73,7.13667714
Dopamine RECEPTOR D5,8IRV,CN1CCCc2c(Cc3ccccc3CC1)[nH]c1ccccc21,Ki,72,7.142667504
Dopamine RECEPTOR D5,8IRV,CN1CCCc2ccccc2Cc2cc(O)ccc2CC1,Ki,69,7.161150909
Dopamine RECEPTOR D5,8IRV,Oc1cc2CCNCC(c3ccccc3Br)c2cc1O,Ki,67,7.173925197
Dopamine RECEPTOR D5,8IRV,COc1ccc2C[C@@H]3N(CCc4cc5OCOc5cc34)Cc2c1OC,Ki,62,7.207608311
Dopamine RECEPTOR D5,8IRV,COc1c(Cl)cc2CCN(C)CCc3ccccc3Cc2c1Cl,Ki,59,7.229147988
Dopamine RECEPTOR D5,8IRV,OC1(CCN(CCCC(=O)c2ccc(F)cc2)CC1)c1ccc(Cl)cc1,Ki,58,7.236572006
Dopamine RECEPTOR D5,8IRV,CN1CCN(CC1)C1=Nc2cc(Cl)ccc2N(NC(=O)c2c(C)cccc2N)c2ccccc12,Ki,58,7.236572006
Dopamine RECEPTOR D5,8IRV,COc1cccc2CCN(C)CCc3ccccc3Cc12,Ki,55,7.259637311
Dopamine RECEPTOR D5,8IRV,COc1ccc2Cc3ccccc3CCN(C)CCCc2c1,Ki,55,7.259637311
Dopamine RECEPTOR D5,8IRV,COc1ccc2Cc3ccccc3CCN(C)CCc2c1,Ki,54,7.26760624
Dopamine RECEPTOR D5,8IRV,COc1ccc2Cc3ccccc3CCN(C)CCc2c1,Ki,54,7.26760624
Dopamine RECEPTOR D5,8IRV,CN1CCN(CC1)C1=Nc2cc(Cl)ccc2N(NC(=O)c2c(N)cccc2Cl)c2ccccc12,Ki,53,7.27572413
Dopamine RECEPTOR D5,8IRV,COc1ccc2Cc3ccccc3CCCN(C)CCCc2c1,Ki,53,7.27572413
Dopamine RECEPTOR D5,8IRV,COc1cc2CCN(C)CC(c2cc1O)c1c(Cl)cccc1Cl,Ki,49,7.30980392
Dopamine RECEPTOR D5,8IRV,OC1(CCN(CCCC(=O)c2ccc(F)cc2)CC1)c1ccc(Cl)cc1,Ki,48,7.318758763
Dopamine RECEPTOR D5,8IRV,OC1(CCN(CCCC(=O)c2ccc(F)cc2)CC1)c1ccc(Cl)cc1,Ki,48,7.318758763
Dopamine RECEPTOR D5,8IRV,FC(F)(F)c1cc(Oc2nccc3occc23)ccc1-c1cccc2nccn12,Ki,47,7.327902142
Dopamine RECEPTOR D5,8IRV,COc1cc2CCN(C)CC(c3ccccc3Br)c2cc1O,Ki,47,7.327902142
Dopamine RECEPTOR D5,8IRV,COc1cc2CCN(C)CC(c3ccccc3Cl)c2cc1O,Ki,46,7.337242168
Dopamine RECEPTOR D5,8IRV,C(CN1CCCCC1)Oc1ccccc1Cc1ccccc1,Ki,43,7.366531544
Dopamine RECEPTOR D5,8IRV,CN1CCc2ccccc2Cc2cc(O)ccc2CC1,Ki,42,7.37675071
Dopamine RECEPTOR D5,8IRV,Oc1ccc2C3Cc4ccccc4CN3CCc2c1,Ki,41,7.387216143
Dopamine RECEPTOR D5,8IRV,CN1CCc2ccccc2Cc2cc(N)c(O)cc2CC1,Ki,40,7.397940009
Dopamine RECEPTOR D5,8IRV,CN1CCc2ccccc2Cc2cc(O)ccc2CC1,Ki,38,7.420216403
Dopamine RECEPTOR D5,8IRV,COc1cccc(OC)c1C(=O)NN1c2ccc(Cl)cc2N=C(N2CCN(C)CC2)c2ccccc12,Ki,38,7.420216403
Dopamine RECEPTOR D5,8IRV,COc1ccc2Cc3ccccc3CCN(C)CCc2c1,Ki,38,7.420216403
Dopamine RECEPTOR D5,8IRV,OC1(CCN(CCCC(=O)c2ccc(F)cc2)CC1)c1ccc(Cl)cc1,Ki,38,7.420216403
Dopamine RECEPTOR D5,8IRV,Cc1cc(Oc2nccc3occc23)ccc1-c1c(C)ncc2nccn12,Ki,38,7.420216403
Dopamine RECEPTOR D5,8IRV,CN1CCc2cc(Cl)c(O)cc2[C@H](C1)c1ccccc1,Ki,35,7.455931956
Dopamine RECEPTOR D5,8IRV,Clc1ccc(cc1)N1CCN(CCCCN2Cc3ccccc3C2=O)CC1,Ki,34,7.468521083
Dopamine RECEPTOR D5,8IRV,CN1CCc2sccc2Cc2ccccc2CC1,Ki,34,7.468521083
Dopamine RECEPTOR D5,8IRV,CCCN1C[C@H](CSC)C[C@H]2[C@H]1Cc1c[nH]c3cccc2c13,Ki,33,7.48148606
Dopamine RECEPTOR D5,8IRV,COc1ccc2Cc3[nH]c4ccccc4c3CCN(C)CCc2c1,Ki,32,7.494850022
Dopamine RECEPTOR D5,8IRV,CN1CCN(CC1)C1=Nc2cc(Cl)ccc2N(NC(=O)c2c(C)cccc2C)c2ccccc12,Ki,31,7.508638306
Dopamine RECEPTOR D5,8IRV,CC(C)(C)[C@]1(O)CCN2C[C@H]3c4ccccc4CCc4cccc([C@@H]2C1)c34,Ki,27,7.568636236
Dopamine RECEPTOR D5,8IRV,CN1CCc2cc(Cl)c(O)cc2[C@@H]2[C@@H]1CCc1c2cccc1N1CCCC1=O,Ki,27,7.568636236
Dopamine RECEPTOR D5,8IRV,FC(F)(F)c1cc(Oc2nccc3ccsc23)ccc1-c1cccc2nccn12,Ki,27,7.568636236
Dopamine RECEPTOR D5,8IRV,COc1cc2CCNCC(c2cc1O)c1c(Cl)cccc1Cl,Ki,25,7.602059991
Dopamine RECEPTOR D5,8IRV,CCN(CC)C(=O)N[C@H]1C[C@H]2[C@@H](Cc3c[nH]c4cccc2c34)N(C)C1,Ki,23,7.638272164
Dopamine RECEPTOR D5,8IRV,CCNC(=O)N(CCCN(C)C)C(=O)C1CC2C(Cc3c[nH]c4cccc2c34)N(CC=C)C1,Ki,22,7.657577319
Dopamine RECEPTOR D5,8IRV,CO\N=C\c1cccc2[C@H]3[C@H](CCc12)N(C)CCc1cc(Cl)c(O)cc31,Ki,22,7.657577319
Dopamine RECEPTOR D5,8IRV,CCN1CCc2c(Cc3ccccc3CC1)[nH]c1ccccc21,Ki,22,7.657577319
Dopamine RECEPTOR D5,8IRV,OCCN1CCN(CCCN2c3ccccc3Sc3ccc(cc23)C(F)(F)F)CC1,Ki,21,7.677780705
Dopamine RECEPTOR D5,8IRV,CN1CCCc2cc(O)ccc2Cc2ccccc2CC1,Ki,17,7.769551079
Dopamine RECEPTOR D5,8IRV,O[Si]1(CCN(CCCC(=O)c2ccc(F)cc2)CC1)c1ccc(Cl)cc1,Ki,17,7.769551079
Dopamine RECEPTOR D5,8IRV,Oc1ccc(cc1)C1CNCCc2c(Cl)c(O)c(O)cc12,Ki,15,7.823908741
Dopamine RECEPTOR D5,8IRV,CN1CCc2cccc-3c2[C@H]1Cc1ccc(O)c(O)c-31,Ki,15,7.823908741
Dopamine RECEPTOR D5,8IRV,COc1c(O)ccc2C[C@@H]3N(CCc4cc5OCOc5cc34)Cc12,Ki,15,7.823908741
Dopamine RECEPTOR D5,8IRV,CCN1CCc2c(Cc3ccccc3CC1)[nH]c1ccccc21,Ki,15,7.823908741
Dopamine RECEPTOR D5,8IRV,CN1CCc2cccc-3c2[C@H]1Cc1ccc(O)c(O)c-31,Ki,15,7.823908741
Dopamine RECEPTOR D5,8IRV,OCCN1CCN(CCCN2c3ccccc3Sc3ccc(cc23)C(F)(F)F)CC1,Ki,14,7.853871964
Dopamine RECEPTOR D5,8IRV,Cc1cccc(c1)C1CNCCc2c(Br)c(O)c(O)cc12,Ki,14,7.853871964
Dopamine RECEPTOR D5,8IRV,COc1ccc2Cc3ccc(OC)cc3CCN(C)CCc2c1,Ki,13,7.886056648
Dopamine RECEPTOR D5,8IRV,CN1CCc2c(Cc3ccccc3CC1)[nH]c1ccccc21,Ki,13,7.886056648
Dopamine RECEPTOR D5,8IRV,CN1CCc2c(Cc3ccccc3CC1)[nH]c1ccccc21,Ki,13,7.886056648
Dopamine RECEPTOR D5,8IRV,CN1CCc2cc(Cl)c(O)cc2[C@H](C1)c1ccc(CN(C2CCC2)C(C)=O)cc1,Ki,13,7.886056648
Dopamine RECEPTOR D5,8IRV,Cc1cccc(c1)C1CN(CC=C)CCc2c(Br)c(O)c(O)cc12,Ki,12,7.920818754
Dopamine RECEPTOR D5,8IRV,COc1ccc2Cc3ccc(OC)cc3CCN(C)CCc2c1,Ki,12,7.920818754
Dopamine RECEPTOR D5,8IRV,CN1CCc2ccccc2Cc2ccccc2CC1,Ki,11,7.958607315
Dopamine RECEPTOR D5,8IRV,CN1CCc2ccccc2Cc2[nH]c3ccccc3c2C[C@@H]1CO,Ki,11,7.958607315
Dopamine RECEPTOR D5,8IRV,CN1CCc2ccccc2Cc2ccccc2CC1,Ki,11,7.958607315
Dopamine RECEPTOR D5,8IRV,CN1CCc2ccccc2Cc2c(O)cccc2CC1,Ki,10,8
Dopamine RECEPTOR D5,8IRV,CCO\N=C\c1cccc2[C@H]3[C@H](CCc12)N(C)CCc1cc(Cl)c(O)cc31,Ki,10,8
Dopamine RECEPTOR D5,8IRV,CN1CCc2cc(Cl)c(O)cc2[C@@H]2[C@@H]1CCc1c2cccc1-c1ccncc1,Ki,10,8
Dopamine RECEPTOR D5,8IRV,CN1CCc2[nH]c3ccccc3c2Cc2ccccc2CC1,Ki,10,8
Dopamine RECEPTOR D5,8IRV,Cc1cccc(c1)C1CN(CC=C)CCc2c(Cl)c(O)c(O)cc12,Ki,9.94,8.002613616
Dopamine RECEPTOR D5,8IRV,CN1CCCc2ccccc2Cc2ccc(O)cc2CC1,Ki,9.8,8.008773924
Dopamine RECEPTOR D5,8IRV,COc1cc2CCN3Cc4c(C[C@H]3c2cc1O)ccc(OC)c4OC,Ki,9.5,8.022276395
Dopamine RECEPTOR D5,8IRV,CN(C)CC\C=C1\c2ccccc2Sc2ccc(Cl)cc12,Ki,9,8.045757491
Dopamine RECEPTOR D5,8IRV,CN1CCc2cc(Cl)c(O)cc2[C@@H]2[C@@H]1CCc1cc(N)ccc21,Ki,8.3,8.080921908
Dopamine RECEPTOR D5,8IRV,CN1CCc2cc(Cl)c(O)cc2[C@H](C1)c1ccccc1,Ki,8.1,8.091514981
Dopamine RECEPTOR D5,8IRV,OCCN1CCN(CC\C=C2/c3ccccc3Sc3ccc(cc23)C(F)(F)F)CC1,Ki,8,8.096910013
Dopamine RECEPTOR D5,8IRV,CN1CCc2c(Cl)c(O)c(O)cc2C(C1)c1cccc(C)c1,Ki,7.56,8.121478204
Dopamine RECEPTOR D5,8IRV,CN1CCc2c(Cc3ccccc3CC1)[nH]c1ccccc21,Ki,7.5,8.124938737
Dopamine RECEPTOR D5,8IRV,CN1CCc2c(Cc3ccccc3CC1)[nH]c1ccccc21,Ki,7.5,8.124938737
Dopamine RECEPTOR D5,8IRV,CN1CCc2c(Cc3ccccc3CC1)[nH]c1ccccc21,Ki,7.5,8.124938737
Dopamine RECEPTOR D5,8IRV,CN1CCc2cc(Cl)c(O)cc2[C@@H]2[C@@H]1CCc1c(Br)cccc21,Ki,7.5,8.124938737
Dopamine RECEPTOR D5,8IRV,CN1CCc2cc(Cl)c(O)cc2[C@@H]2[C@@H]1CCc1c(CO)cccc21,Ki,7.4,8.13076828
Dopamine RECEPTOR D5,8IRV,COc1ccc2Cc3ccccc3CCN(C)CCc2c1,Ki,7.2,8.142667504
Dopamine RECEPTOR D5,8IRV,CCNC(=O)Nc1ccc2[C@H]3[C@H](CCc2c1)N(C)CCc1cc(Cl)c(O)cc31,Ki,7.1,8.148741651
Dopamine RECEPTOR D5,8IRV,CN1CCN(CC1)C1=Nc2cc(Cl)ccc2N(NC(=O)c2c(F)cccc2C(F)(F)F)c2ccccc12,Ki,7,8.15490196
Dopamine RECEPTOR D5,8IRV,CN1CCc2cc(Cl)c(O)cc2[C@@H]2[C@@H]1CCc1c(N)cccc21,Ki,7,8.15490196
Dopamine RECEPTOR D5,8IRV,Oc1cc2OCC3NCc4ccccc4C3c2cc1O,Ki,7,8.15490196
Dopamine RECEPTOR D5,8IRV,COc1ccc(cc1)-c1cccc2[C@H]3[C@H](CCc12)N(C)CCc1cc(Cl)c(O)cc31,Ki,6.2,8.207608311
Dopamine RECEPTOR D5,8IRV,CN1CCc2cc(Cl)c(O)cc2[C@H](C1)c1ccc(CN(C2CCC2)S(C)(=O)=O)cc1,Ki,5.9,8.229147988
Dopamine RECEPTOR D5,8IRV,CN1CCc2cc(Cl)c(O)cc2[C@@H]2[C@@H]1CCc1cc(NS(C)(=O)=O)ccc21,Ki,5.8,8.236572006
Dopamine RECEPTOR D5,8IRV,CCS(=O)(=O)Nc1ccc2[C@H]3[C@H](CCc2c1)N(C)CCc1cc(Cl)c(O)cc31,Ki,5.6,8.251811973
Dopamine RECEPTOR D5,8IRV,COc1cccc(CN2CC[C@@H](C2)NC(=O)c2cc(Cl)c(NC(=O)C3CC3)cc2OC)c1,Ki,5.6,8.251811973
Dopamine RECEPTOR D5,8IRV,FCOc1ccccc1-c1ccc(C=O)cc1,Ki,5.5,8.259637311
Dopamine RECEPTOR D5,8IRV,CN1CCc2c(Cc3ccc(O)cc3CC1)[nH]c1ccccc21,Ki,5.4,8.26760624
Dopamine RECEPTOR D5,8IRV,CN1CCc2ccccc2Cc2cc(O)c(Cl)cc2CC1,Ki,4.9,8.30980392
Dopamine RECEPTOR D5,8IRV,Cc1cc(Oc2nccc3occc23)ccc1-c1c(C)ncc2nccn12,Ki,4.8,8.318758763
Dopamine RECEPTOR D5,8IRV,CN1CCc2cc(Cl)c(O)cc2[C@@H]2[C@@H]1CCc1c2cccc1-c1cccc(c1)[N+]([O-])=O,Ki,4.7,8.327902142
Dopamine RECEPTOR D5,8IRV,COc1ccc2Cc3ccccc3CCCN(C)CCc2c1,Ki,4.6,8.337242168
Dopamine RECEPTOR D5,8IRV,C[C@H]1Cc2c(Cc3ccccc3CCN1C)[nH]c1ccccc21,Ki,4.4,8.356547324
Dopamine RECEPTOR D5,8IRV,COc1cc2CCN3Cc4c(C[C@H]3c2cc1O)ccc(O)c4OC,Ki,4.4,8.356547324
Dopamine RECEPTOR D5,8IRV,CN1CCc2c(Br)c(O)c(O)cc2C(C1)c1ccc(C)cc1,Ki,4.36,8.360513511
Dopamine RECEPTOR D5,8IRV,CN1CCc2cc(Br)c(O)cc2C(C1)c1ccccc1,Ki,4,8.397940009
Dopamine RECEPTOR D5,8IRV,CN1CCc2c(Cl)c(O)c(O)cc2C(C1)c1ccc(C)cc1,Ki,3.96,8.402304814
Dopamine RECEPTOR D5,8IRV,CN1CCc2cc(Cl)c(O)cc2[C@H](C1)c1ccc(CNC2CCC2)cc1,Ki,3.9,8.408935393
Dopamine RECEPTOR D5,8IRV,COC(=O)c1cccc2[C@H]3[C@H](CCc12)N(C)CCc1cc(Cl)c(O)cc31,Ki,3.7,8.431798276
Dopamine RECEPTOR D5,8IRV,COc1ccc2[nH]c3Cc4ccccc4CCN(C)CCc3c2c1,Ki,3.6,8.443697499
Dopamine RECEPTOR D5,8IRV,CCN(CC)C(=O)N[C@H]1CN(C)[C@@H]2Cc3c[nH]c4cccc(C2=C1)c34,Ki,3.55,8.449771647
Dopamine RECEPTOR D5,8IRV,CN1CCc2c(Br)c(O)c(O)cc2C(C1)c1ccccc1C,Ki,3.42,8.465973894
Dopamine RECEPTOR D5,8IRV,CN1CCc2cc(Cl)c(O)cc2[C@@H]2[C@@H]1CCc1c2cccc1-c1cccc(c1)C#N,Ki,3.4,8.468521083
Dopamine RECEPTOR D5,8IRV,CCOC(=O)Nc1ccc2[C@H]3[C@H](CCc2c1)N(C)CCc1cc(Cl)c(O)cc31,Ki,3.3,8.48148606
Dopamine RECEPTOR D5,8IRV,CN1CCc2cc(Cl)c(O)cc2[C@@H]2[C@@H]1CCc1c(C=O)cccc21,Ki,3.3,8.48148606
Dopamine RECEPTOR D5,8IRV,CN1CCc2cc(Cl)c(O)cc2[C@@H]2[C@@H]1CCc1c(CN=O)cccc21,Ki,3.3,8.48148606
Dopamine RECEPTOR D5,8IRV,CN1CCc2ccccc2Cc2cc(O)c(Cl)cc2CC1,Ki,3.1,8.508638306
Dopamine RECEPTOR D5,8IRV,CN1CCc2ccccc2Cc2ccccc2CC1,Ki,3.09,8.510041521
Dopamine RECEPTOR D5,8IRV,CN1CCCc2ccccc2Cc2[nH]c3ccccc3c2CC1,Ki,2.8,8.552841969
Dopamine RECEPTOR D5,8IRV,CN1CCc2cc(Cl)c(O)cc2[C@H](C1)c1ccccc1,Ki,2.8,8.552841969
Dopamine RECEPTOR D5,8IRV,CN1CCc2cc(Cl)c(O)cc2[C@@H]2[C@@H]1CCc1c(\C=N\OCc3ccccc3)cccc21,Ki,2.5,8.602059991
Dopamine RECEPTOR D5,8IRV,CN1CCc2ccccc2Cc2c[nH]c3cccc(CC1)c23,Ki,2.5,8.602059991
Dopamine RECEPTOR D5,8IRV,CN1CCc2c(Br)c(O)c(O)cc2[C@@H](C1)c1cccc(C)c1,Ki,2.47,8.607303047
Dopamine RECEPTOR D5,8IRV,CN1CCc2c(Cl)c(O)c(O)cc2C(C1)c1ccccc1C,Ki,2.32,8.634512015
Dopamine RECEPTOR D5,8IRV,CN1CCc2ccccc2Cc2cc(O)c(O)cc2CC1,Ki,2.32,8.634512015
Dopamine RECEPTOR D5,8IRV,CN1CCc2cc(Br)c(O)cc2C(C1)c1ccccc1,Ki,2.3,8.638272164
Dopamine RECEPTOR D5,8IRV,CN1CCc2cc(Cl)c(O)cc2[C@@H]2[C@@H]1CCc1c(\C=N\Oc3ccccc3)cccc21,Ki,2.1,8.677780705
Dopamine RECEPTOR D5,8IRV,CN1CCc2cc(Cl)c(O)cc2[C@@H]2[C@@H]1CCc1ccccc21,Ki,2,8.698970004
Dopamine RECEPTOR D5,8IRV,CN1CCc2cc(Cl)c(O)cc2[C@@H]2[C@@H]1CCc1ccccc21,Ki,2,8.698970004
Dopamine RECEPTOR D5,8IRV,Cc1ccccc1C1CNCCc2c(Br)c(O)c(O)cc12,Ki,1.95,8.709965389
Dopamine RECEPTOR D5,8IRV,CN1CCc2cc(Cl)c(O)cc2[C@@H]2[C@@H]1CCc1c2cccc1-c1cccs1,Ki,1.9,8.721246399
Dopamine RECEPTOR D5,8IRV,COc1ccc2Cc3ccccc3CCN(C)CCOc2c1,Ki,1.8,8.744727495
Dopamine RECEPTOR D5,8IRV,CN1CCc2cc(Br)c(O)cc2C(C1)c1ccccc1,Ki,1.8,8.744727495
Dopamine RECEPTOR D5,8IRV,CN1CCc2ccccc2Cc2ccc(O)cc2CC1,Ki,1.69,8.772113295
Dopamine RECEPTOR D5,8IRV,CN1CCc2ccccc2Cc2ccc(O)cc2CC1,Ki,1.69,8.772113295
Dopamine RECEPTOR D5,8IRV,CN1CCc2cc(O)ccc2Cc2ccc(O)cc2CC1,Ki,1.68,8.774690718
Dopamine RECEPTOR D5,8IRV,CN1CCc2ccccc2Cc2c(CC1)ccc(O)c2Cl,Ki,1.6,8.795880017
Dopamine RECEPTOR D5,8IRV,CN1CCc2c(Cl)c(O)c(O)cc2[C@@H](C1)c1cccc(C)c1,Ki,1.53,8.815308569
Dopamine RECEPTOR D5,8IRV,CN1CCc2ccccc2Cc2ccc(O)cc2CC1,Ki,1.5,8.823908741
Dopamine RECEPTOR D5,8IRV,CN1CCc2ccccc2Cc2ccc(O)cc2CC1,Ki,1.5,8.823908741
Dopamine RECEPTOR D5,8IRV,CN1CCc2ccccc2Cc2ccc(O)cc2CC1,Ki,1.5,8.823908741
Dopamine RECEPTOR D5,8IRV,CN1CCc2ccccc2Cc2ccc(O)cc2CC1,Ki,1.5,8.823908741
Dopamine RECEPTOR D5,8IRV,CN1CCc2ccccc2Cc2ccc(O)cc2CC1,Ki,1.5,8.823908741
Dopamine RECEPTOR D5,8IRV,CN1CCc2cc(Cl)c(O)cc2[C@@H]2[C@@H]1CCc1c(O)cccc21,Ki,1.4,8.853871964
Dopamine RECEPTOR D5,8IRV,CN1CCc2ccccc2Cc2cc(Cl)c(O)c(Cl)c2CC1,Ki,1.2,8.920818754
Dopamine RECEPTOR D5,8IRV,CN(Cc1ccc(cc1)[C@H]1CN(C)CCc2cc(Cl)c(O)cc12)S(=O)(=O)c1ccccc1,Ki,1.2,8.920818754
Dopamine RECEPTOR D5,8IRV,CN1CCc2ccccc2Cc2c(CC1)ccc(O)c2Cl,Ki,0.98,9.008773924
Dopamine RECEPTOR D5,8IRV,Cc1cccc(c1)C1CNCCc2c(Cl)c(O)c(O)cc12,Ki,0.88,9.055517328
Dopamine RECEPTOR D5,8IRV,[2H]c1c([2H])c([2H])c([C@@H]2C[C@@H](N3CCNC(C)(C)C3)c3cc(Cl)ccc23)c([2H])c1[2H],Ki,0.67,9.173925197
Dopamine RECEPTOR D5,8IRV,CN1CCCc2ccccc2Cc2[nH]c3ccccc3c2CC1,Ki,0.61,9.214670165
Dopamine RECEPTOR D5,8IRV,CN1CCOc2cc(O)ccc2Cc2ccccc2CC1,Ki,0.57,9.244125144
Dopamine RECEPTOR D5,8IRV,CN1CCc2cc(O)ccc2Cc2ccc(O)cc2CC1,Ki,0.54,9.26760624
Dopamine RECEPTOR D5,8IRV,Oc1cc2CCNC[C@H](c3ccccc3)c2cc1O,Ki,0.5,9.301029996
Dopamine RECEPTOR D5,8IRV,CN1CCc2cc(Br)c(O)cc2C(C1)c1ccccc1,Ki,0.4,9.397940009
Dopamine RECEPTOR D5,8IRV,CN1CCc2c(Cc3ccccc3CC1)[nH]c1ccc(O)cc21,Ki,0.39,9.408935393
Dopamine RECEPTOR D5,8IRV,CN1CCN(CC1(C)C)[C@@H]1C[C@H](c2ccc(Cl)cc12)c1ccccc1,Ki,0.37,9.431798276
Dopamine RECEPTOR D5,8IRV,CN1CCc2cc(Cl)c(O)cc2[C@H](C1)c1ccccc1,Ki,0.3,9.522878745
Dopamine RECEPTOR D5,8IRV,CN1CCc2cc(Cl)c(O)cc2[C@H](C1)c1ccccc1,Ki,0.3,9.522878745
Dopamine RECEPTOR D5,8IRV,COc1ccc2n(C)c3Cc4ccccc4CCN(C)CCc3c2c1,Ki,0.23,9.638272164
Dopamine RECEPTOR D5,8IRV,CN1CCc2ccccc2Cc2ccc(O)c(Cl)c2CC1,Ki,0.057,10.24412514
Dopamine RECEPTOR D5,8IRV,CN1CCc2ccccc2Cc2ccc(O)c(Cl)c2CC1,Ki,0.053,10.27572413